,"restraint_atom[lig1, lig2, lig3, rec1, rec2, rec3](start from 1)","rec_atoms[rec3, rec2, rec1](start from 0)","lig_atoms[lig1, lig2, lig3](start from 0)",distance between lig1 and rec1(unit: Angstrom),angle between lig1 rec1 and rec2(unit:radian),angle between lig2 lig1 and rec1(unit:radian),dihedral between lig1 rec1 rec2 and rec3(unit:radian),dihedral between lig2 lig1 rec1 and rec2(unit:radian),dihedral between lig3 lig2 lig1 and rec1(unit:radian),cal_ene(unit:kcal/mol),cost function value
0,"[5213, 5219, 5228, 3982, 3997, 3998]","[3997, 3996, 3981]","[5212, 5218, 5227]",9.656058469333331,2.392133868,0.7958030282666667,-0.5888101936000012,-1.1995359151999987,-1.116367224,0.5306766931800951,0.018468619033891347
1,"[5210, 5212, 5213, 3680, 3679, 3681]","[3680, 3678, 3679]","[5209, 5211, 5212]",3.114618848,2.4685205732,2.3117402752,-2.0001072546907404,-0.8693007316409581,-0.20510702039999998,2.3358477804218607,0.04091840368846863
2,"[5233, 5232, 5226, 4511, 4524, 4525]","[4524, 4523, 4510]","[5232, 5231, 5225]",5.468807685333333,2.181557710133333,2.5695764558666667,0.17463231280000024,-0.7950602978666703,-0.8709832601333335,1.1593437165762681,0.04194483196558859
3,"[5210, 5212, 5213, 3680, 3679, 3671]","[3670, 3678, 3679]","[5209, 5211, 5212]",3.114618848,2.4685205732,2.3117402752,1.2064258048819163,-0.8693007316409581,-0.20510702039999998,2.3454464648923277,0.044839145282286046
4,"[5237, 5219, 5228, 4511, 4524, 4525]","[4524, 4523, 4510]","[5236, 5218, 5227]",5.35232224,2.3106320114666663,2.0356606165333333,0.5548263009333344,-1.1817725638666694,-0.6866134859999996,2.1930388078862806,0.08144408018668961
5,"[5213, 5219, 5228, 3713, 3723, 3724]","[3723, 3722, 3712]","[5212, 5218, 5227]",8.905782956,2.0871416874666666,1.1050272336,-2.326317116666661,0.05768014480000005,0.45141580120000224,1.2434625025005233,0.08507843580394822
6,"[5210, 5212, 5214, 3671, 3679, 3680]","[3679, 3678, 3670]","[5209, 5211, 5213]",4.882663229333334,0.9099398194666667,1.9229315492,-0.48811095680000033,-2.942427481835835,2.858939840733482,1.3972951992064089,0.22529512020043935
