,theo_u_mean,theo_u_std,theo_u_value_y_max,sampled_u_mean,sampled_u_std,sampled_u_value_y_max
0,1.7022155764572326,1.2036481771542773,0.8511077882286163,1.7228487492333346,1.1899349521890248,0.6856174468994141
