,theo_u_mean,theo_u_std,theo_u_value_y_max,sampled_u_mean,sampled_u_std,sampled_u_value_y_max
0,2.7371991514468177,1.9354920814461085,1.3685995757234088,2.9228858357863268,2.304128012867558,1.2295536994934082
